email,firstname,lastname
12d96c7c-576b-42d1-a830-bd9cd9b461dd@mailslurp.com,Kimberly,Gibson
7a2e507c-afba-4bd8-9ffe-3b529f7653e9@mailslurp.com,Frederick,Mason
65c9427f-c3cf-415d-ad57-5b12236a0734@mailslurp.com,Edgar,Ross
b7d527e8-1775-4fea-a45b-99400a90bde2@mailslurp.com,Tess,Watson
e168b6ca-aa0a-48eb-8f1f-b86049a0d946@mailslurp.com,Kellan,Hill
f04b2e27-a582-4336-8fe9-677492121aa8@mailslurp.com,Ned,Howard
b462cf81-7157-42f1-8f13-2c08e27fee26@mailslurp.com,Tyler,Walker
c2232246-70a3-4ef8-b13e-be2353862aa9@mailslurp.com,Ryan,Parker
dd94ba28-5f69-43eb-8591-9eff9c23c471@mailslurp.com,Dexter,Robinson
a3f1f749-0c41-455d-9999-1a9e97dd0549@mailslurp.com,Abraham,Montgomery
347396f3-3e62-4f89-987f-40696c1fdc97@mailslurp.com,Martin,Johnson
fbf0778c-4675-42e3-9f1a-dbcd214e6ea1@mailslurp.com,Amber,Campbell
0375a820-75a3-4e23-a3b1-7a1d7247caaa@mailslurp.com,Audrey,Warren
af7498da-c3bf-46a6-994b-ded997d07864@mailslurp.com,Ashton,Wright
062f27e9-faaa-405c-90b3-0d8d8e67e065@mailslurp.com,Honey,Gray
462da571-d761-4b55-8daa-cfc4d1ccddcd@mailslurp.com,Rosie,Richardson
a0f2ad5e-ff11-49b6-a59d-64bbe14ce97b@mailslurp.com,Amanda,Owens
248de3cc-1ace-4ed4-9463-099c11b8ef3c@mailslurp.com,Lyndon,Morris
d02e1130-b670-4f7c-a96e-0c3c359ba73c@mailslurp.com,Sydney,Morrison
3c5e31b6-936c-4cb7-8d8e-0ff8f438a3b3@mailslurp.com,Freddie,Johnson
80b0fc71-d8c8-479b-bdeb-850d3cae7e1d@mailslurp.com,Jordan,Mason
0ce8ac0a-2eb6-4f1f-bc0c-9903b469d928@mailslurp.com,Amelia,Brooks
c71c179a-aa28-4a4f-bae4-277c861b1d80@mailslurp.com,Vincent,Cameron
a6d45804-063b-4dd6-9c66-e96aab9b4d9a@mailslurp.com,Miranda,Davis
184cd1dd-edac-4a16-8a84-7f5f61ed7847@mailslurp.com,John,Craig
64573890-4b01-41fb-a15a-43f316ce99ba@mailslurp.com,William,Johnson
133de826-d957-4eae-be4d-b76d90470074@mailslurp.com,Vincent,Dixon
aa9cb4e3-b140-41e1-aae1-0d690a285b18@mailslurp.com,Daryl,Foster
e2d89744-314a-4811-a188-6c20848f47e9@mailslurp.com,Lucy,Armstrong
187abe32-c5e8-44e0-ab4b-48c32d1a7921@mailslurp.com,Tony,Montgomery
5a949ae8-2b54-4fcf-9cf0-a2ddb3a6f165@mailslurp.com,Tiana,Bennett
1f05ddf7-70a0-441f-b843-b041634c1c55@mailslurp.com,Anna,Brooks
a9500b95-7c18-4908-aa12-43de0d455486@mailslurp.com,Daniel,Hunt
ae38229d-5fa8-4d57-ae08-840010315335@mailslurp.com,Adelaide,Brown
d7fb6fb3-2d23-4e96-8bf4-e7e5b231c924@mailslurp.com,Aldus,Ryan
652cfa55-c1de-41db-85bf-07b198596e09@mailslurp.com,Rafael,Cunningham
b98390e3-aed0-4d1c-a28c-cb4cdae87b39@mailslurp.com,Freddie,Stevens
dc9af9a6-0600-49cd-8730-d82508b25b80@mailslurp.com,Victoria,Johnson
5f516a3a-2656-48a4-97c9-9391a9d31eb4@mailslurp.com,Abraham,Ross
a88730bd-6f7f-4f8e-b91f-7768c935acc8@mailslurp.com,Emma,Armstrong
9e67354c-bb26-4ff1-8a93-b2d69f368204@mailslurp.com,Arthur,Wilson
92f90b5a-1af8-41ef-9ff9-609dfc8cd6c4@mailslurp.com,Adrian,Roberts
ea69bf70-a87b-4229-a954-ac6e45dcac78@mailslurp.com,Tony,Alexander
03ce1a62-8eef-4c60-bef6-2e081d549667@mailslurp.com,Aida,Ellis
be6f186a-1f29-447b-be33-4ddbf1814573@mailslurp.com,Anna,Harper
ca9ec68e-a2ea-4f58-9afc-e295742aad72@mailslurp.com,Charlotte,Ferguson
612be602-0673-4d77-af58-ba6a0449e03a@mailslurp.biz,Charlie,Armstrong
17b1a6ac-02ca-455c-819c-e78f85b60803@mailslurp.com,Savana,Morris
b5265c1c-161f-41d1-af7e-da07b92d48be@mailslurp.com,Cherry,Watson
09550725-d0d1-4664-9546-bfdaef579e33@mailslurp.com,Dainton,Hunt
c478748b-7fb8-4f0f-93ba-6408d4b70942@mailslurp.com,Dainton,Santa
